epoch,loss,mse,val_loss,val_mse
0,0.3579305410385132,0.10121110081672668,0.21535128355026245,0.05846668779850006
1,0.14494767785072327,0.036554086953401566,0.14681079983711243,0.037832580506801605
